,RMSE,MSE,MAE
NormalPredictor,1.7230345283942123,2.968847986038666,1.3387506456444236
BaselineOnly_als,1.121923214371969,1.258711698946731,0.8153043527977168
BaselineOnly_sgd,1.1199682065610777,1.2543287837076367,0.8189513466216254
SVD,1.1198826510943596,1.2541371522221312,0.8018982069130992
